{
  "evaluation_date": "2025-09-15T23:58:19.352380",
  "test_samples": 16070,
  "models_evaluated": 4,
  "results": {
    "gradient": {
      "file": "models\\gradient_boosting_quantile_20250915_235343.joblib",
      "metrics": {
        "mae": 3027.590664034292,
        "mse": 17277658.6307194,
        "rmse": 4156.640305669881,
        "r2": 0.6319458761875814,
        "mape": 6.6043506888820565
      }
    },
    "lightgbm": {
      "file": "models\\lightgbm_20250915_235153.joblib",
      "metrics": {
        "mae": 3746.9094817379064,
        "mse": 20891052.742052577,
        "rmse": 4570.67311695472,
        "r2": 0.5549722171947419,
        "mape": 8.125624787513757
      }
    },
    "linear": {
      "file": "models\\linear_regression_20250915_235150.joblib",
      "metrics": {
        "mae": 2870.4945200282646,
        "mse": 15266074.868855298,
        "rmse": 3907.1824719169817,
        "r2": 0.6747972668055099,
        "mape": 6.275182484206156
      }
    },
    "random": {
      "file": "models\\random_forest_20250915_235153.joblib",
      "metrics": {
        "mae": 3416.3846457372106,
        "mse": 20213609.386833638,
        "rmse": 4495.954780336835,
        "r2": 0.5694033288324227,
        "mape": 7.389917793471791
      }
    }
  },
  "best_model": {
    "name": "linear",
    "metrics": {
      "mae": 2870.4945200282646,
      "mse": 15266074.868855298,
      "rmse": 3907.1824719169817,
      "r2": 0.6747972668055099,
      "mape": 6.275182484206156
    }
  }
}