{
  "evaluation_date": "2025-09-15T16:44:32.544956",
  "test_samples": 5760,
  "models_evaluated": 2,
  "results": {
    "linear": {
      "file": "models\\linear_regression_20250915_164415.joblib",
      "metrics": {
        "mae": 635.5090262048499,
        "mse": 637140.6782390251,
        "rmse": 798.2109234024708,
        "r2": 0.9577977796577423,
        "mape": 2.156759523744582
      }
    },
    "random": {
      "file": "models\\random_forest_20250915_164417.joblib",
      "metrics": {
        "mae": 652.0853209221888,
        "mse": 670356.4640343017,
        "rmse": 818.7529932979187,
        "r2": 0.9555976691345093,
        "mape": 2.212086353842854
      }
    }
  },
  "best_model": {
    "name": "linear",
    "metrics": {
      "mae": 635.5090262048499,
      "mse": 637140.6782390251,
      "rmse": 798.2109234024708,
      "r2": 0.9577977796577423,
      "mape": 2.156759523744582
    }
  }
}