{
  "evaluation_date": "2025-09-13T18:58:57.151446",
  "test_samples": 576,
  "models_evaluated": 2,
  "results": {
    "linear": {
      "file": "models\\linear_regression_20250913_185758.joblib",
      "metrics": {
        "mae": 842.5108192424505,
        "mse": 1113120.136631942,
        "rmse": 1055.0450874877063,
        "r2": 0.9266103205394338,
        "mape": 2.8561051789172587
      }
    },
    "random": {
      "file": "models\\random_forest_20250913_185758.joblib",
      "metrics": {
        "mae": 786.2158444219353,
        "mse": 979897.417690108,
        "rmse": 989.8976804145507,
        "r2": 0.9353938941342749,
        "mape": 2.687696722623069
      }
    }
  },
  "best_model": {
    "name": "random",
    "metrics": {
      "mae": 786.2158444219353,
      "mse": 979897.417690108,
      "rmse": 989.8976804145507,
      "r2": 0.9353938941342749,
      "mape": 2.687696722623069
    }
  }
}