{
  "training_date": "2025-09-15T17:17:56.364637",
  "data_shape": 721,
  "models": {
    "linear_regression": {
      "mae": 605.3388611253374,
      "mse": 579339.325317332,
      "rmse": 761.1434328149538,
      "r2": 0.9591665554729287,
      "mape": 2.0838266667168313
    },
    "random_forest": {
      "mae": 683.212829287019,
      "mse": 719022.5817432192,
      "rmse": 847.95199259346,
      "r2": 0.9493212916467542,
      "mape": 2.325003068088139
    }
  }
}