{
  "training_date": "2025-09-15T22:12:55.842756",
  "data_shape": 80352,
  "models": {
    "linear_regression": {
      "mae": 2459.6587964870337,
      "mse": 14592550.14178541,
      "rmse": 3820.0196520156032,
      "r2": 0.6865523335087507,
      "mape": 5.405346343874078
    },
    "random_forest": {
      "mae": 2138.6369261402524,
      "mse": 14223149.96205839,
      "rmse": 3771.3591664091596,
      "r2": 0.6944870415078226,
      "mape": 4.698406172206561
    }
  }
}