{
  "training_date": "2025-09-13T18:57:58.482357",
  "data_shape": 2881,
  "models": {
    "linear_regression": {
      "mae": 780.4903428136028,
      "mse": 939112.477809353,
      "rmse": 969.0781587722184,
      "r2": 0.9363286841338085,
      "mape": 2.6277569921722312
    },
    "random_forest": {
      "mae": 756.5228960600625,
      "mse": 885260.9754506183,
      "rmse": 940.8830827741662,
      "r2": 0.9399797867414006,
      "mape": 2.55141901592051
    }
  }
}